test,tipo,error_n1_rel,error_ninf_rel,error_n1_abs,error_ninf_abs,min_aval,max_aval
0,D,0.0,0.0,0.0,0.0,-972.0,987.0
0,H,1.5435259199162273e-06,6.511250492147484e-07,3.6208431808404384e-09,3.073850507462339e-09,-988.0,942.9999999999999
0,S,7.044542741141413e-06,8.736938070796896e-07,1.6293961380142719e-07,3.725290298461914e-08,11670.999656688542,20493009.603950266
1,D,0.0,0.0,0.0,0.0,-884.0,819.0
1,H,5.8712479322764466e-12,6.508044103625821e-12,2.2524204723595176e-12,3.410605131648481e-13,-695.9999999999998,993.0
1,S,6.925142071878554e-05,9.528987732210226e-06,1.9919980331906117e-07,5.587935447692871e-08,1818.7241711228974,22578805.44342309
2,D,1.7425803949999998e-06,1.7425803949999998e-06,0.0,0.0,-956.0,981.0
2,H,6.4930283372177655e-12,6.984191003311935e-12,2.0392576516314875e-12,3.410605131648481e-13,-951.9999999999999,861.0000000000001
2,S,1.3846019463414905e-05,1.83640213435865e-06,1.447233444196172e-07,4.284083843231201e-08,5712.315463350706,21051197.159343053
3,D,0.0,0.0,0.0,0.0,-996.0,833.0
3,H,1.149169648329007e-11,7.784772826369135e-12,2.2026824808563106e-12,5.684341886080801e-13,-977.9999999999999,913.0
3,S,0.035630704726259524,0.004429639845748956,1.4299582695720403e-07,4.842877388000488e-08,1.593061289109236,24013758.477628995
4,D,0.0,0.0,0.0,0.0,-994.0,877.0
4,H,6.079226011479477e-11,2.620681449627682e-11,2.2168933355715126e-12,3.410605131648481e-13,-843.9999999999999,972.9999999999999
4,S,8.825502035847421e-06,1.1066986189689487e-06,1.3507087714970112e-07,2.60770320892334e-08,14552.447323701663,24251395.19116012
5,D,0.0,0.0,0.0,0.0,-916.0,977.0
5,H,2.231338399640015e-11,1.0462698415980576e-11,2.8332891588433995e-12,5.684341886080801e-13,-940.0,977.0000000000006
5,S,2.4818659767333884e-06,4.5702108764089644e-07,1.7152706277556717e-07,4.842877388000488e-08,23991.864543534124,26005515.62017555
6,D,0.0,0.0,0.0,0.0,-850.0,967.0
6,H,7.085887432367599e-12,6.4994676307605914e-12,2.142286348316702e-12,4.547473508864641e-13,-954.0000000000005,889.0
6,S,3.049052548931286e-05,4.717605577297945e-06,1.4986972018959932e-07,3.725290298461914e-08,1767.4700733971274,24679962.499537088
7,D,0.0,0.0,0.0,0.0,-780.0,851.0
7,H,6.3873420441673545e-12,6.003372278462482e-12,2.1032064978498966e-12,3.410605131648481e-13,-888.0000000000002,944.9999999999999
7,S,3.211239545208855e-05,4.599555381901155e-06,1.7187767298310064e-07,2.7939677238464355e-08,3473.8175168083358,21992762.339491475
8,D,0.0,0.0,0.0,0.0,-926.0,965.0
8,H,7.52109485802066e-12,6.374456518187799e-12,3.097966327914037e-12,6.821210263296962e-13,-902.0000000000007,976.9999999999999
8,S,0.00012637936527859495,1.456504000429959e-05,1.3025362477492308e-07,3.166496753692627e-08,665.7116140957631,23516079.463622537
9,D,0.0,0.0,0.0,0.0,-954.0,549.0
9,H,7.733830642564499e-08,2.5952383797545053e-08,2.7284841053187847e-12,5.684341886080801e-13,-942.0000000000002,910.9999999999995
9,S,5.206763944443082e-07,1.8286755221197382e-07,2.1366577129811049e-07,5.960464477539063e-08,111836.43929841412,26924693.210938655
10,D,0.0,0.0,0.0,0.0,-980.0,871.0
10,H,7.654477746088517e-11,1.6028234295362154e-11,2.0117241206207837e-12,3.410605131648481e-13,-836.0,951.0000000000001
10,S,1.0441595847510143e-05,1.3495133543983684e-06,1.093303581001237e-07,3.3527612686157227e-08,7495.0900042478515,18864924.972003084
11,D,0.0,0.0,0.0,0.0,-992.0,887.0
11,H,3.028732820098412e-11,1.4889645072457824e-11,1.5898393712632242e-12,4.547473508864641e-13,-936.0,945.0
11,S,7.554222065664362e-07,2.2525568965647835e-07,1.8022547010332346e-07,3.725290298461914e-08,71319.88262675244,19136716.06056131
12,D,0.0,0.0,0.0,0.0,-970.0,935.0
12,H,1.1908973807095435e-11,6.619482739722571e-12,2.220446049250313e-12,5.684341886080801e-13,-983.9999999999998,964.9999999999994
12,S,4.561695857674408e-05,7.087448636866611e-06,1.4375814316736069e-07,3.3527612686157227e-08,894.6268080567281,24148583.965902574
13,D,0.0,0.0,0.0,0.0,-996.0,941.0
13,H,7.909672916639465e-12,8.04756261629791e-12,2.5295321393059567e-12,3.410605131648481e-13,-971.9999999999999,964.9999999999997
13,S,3.781961072668594e-05,4.112387728127942e-06,1.4170109352562577e-07,5.774199962615967e-08,5355.4681407171,28481783.361767247
14,D,0.0,0.0,0.0,0.0,-848.0,947.0
14,H,1.932088690426159e-11,1.0629962188257736e-11,1.9559909247846008e-12,5.684341886080801e-13,-835.9999999999999,973.0
14,S,3.028436822205549e-06,6.353293429128826e-07,1.7398997442796826e-07,5.21540641784668e-08,51222.1973378764,24355283.20025264
15,D,0.0,0.0,0.0,0.0,-934.0,953.0
15,H,5.863753926860227e-12,6.203537683546756e-12,1.1119993814645568e-12,2.2737367544323206e-13,-928.0000000000002,966.9999999999999
15,S,4.472157058899029e-06,7.048649877106072e-07,2.371416485402733e-07,6.705522537231445e-08,19723.014973851066,24600070.861669112
16,D,0.0,0.0,0.0,0.0,-550.0,813.0
16,H,3.853897756478375e-11,1.5727419366839968e-11,2.4096280526464398e-12,7.958078640513122e-13,-951.9999999999998,992.9999999999998
16,S,0.00021505399227467192,2.8582358865492097e-05,1.4043206419955823e-07,3.91155481338501e-08,286.6978417722758,18972980.26287389
17,D,0.0,0.0,0.0,0.0,-720.0,851.0
17,H,3.481037680330701e-11,1.580957587066223e-11,2.5579538487363607e-12,5.684341886080801e-13,-988.0,950.9999999999994
17,S,9.117073503261963e-06,1.2247441532053926e-06,1.1785778042394668e-07,3.3527612686157227e-08,13540.708910829699,21734680.176693954
18,D,0.0,0.0,0.0,0.0,-846.0,991.0
18,H,1.286800945798916e-07,4.74436646635823e-08,1.858069254012662e-12,4.547473508864641e-13,-856.0000000000002,986.9999999999998
18,S,3.147491099753097e-05,3.7762075066893885e-06,1.3740236681769602e-07,2.60770320892334e-08,3296.5134469259474,25359895.00888594
19,D,0.0,0.0,0.0,0.0,-942.0,855.0
19,H,7.46064321432982e-12,6.4863669990700146e-12,1.8900436771218665e-12,2.2737367544323206e-13,-981.9999999999998,926.9999999999999
19,S,5.675948812555731e-05,9.255644386030326e-06,1.86355464393273e-07,5.21540641784668e-08,1957.1078839742186,25879646.50581427
20,D,0.0,0.0,0.0,0.0,-892.0,917.0
20,H,3.460209896388733e-11,1.7154666576146838e-11,2.4726887204451486e-12,3.410605131648481e-13,-957.9999999999999,852.9999999999999
20,S,5.274724003356823e-06,8.686571391081088e-07,1.8548598745837808e-07,4.284083843231201e-08,17601.578616740997,22068694.19374738
21,D,0.0,0.0,0.0,0.0,-992.0,449.0
21,H,2.998382792052112e-11,1.1149303702495672e-11,2.1307400288606004e-12,5.684341886080801e-13,-846.0,877.0000000000006
21,S,1.7110535566189355e-06,4.3902787183469627e-07,1.66641257237643e-07,3.725290298461914e-08,29650.300693592624,22847487.170070365
22,D,0.0,0.0,0.0,0.0,-876.0,903.0
22,H,2.1224577650968968e-11,1.2879919353281366e-11,2.3021584638627246e-12,4.547473508864641e-13,-962.0000000000005,965.0000000000001
22,S,7.960874881973723e-06,1.1833604389721586e-06,2.9304646886885166e-07,1.4528632164001465e-07,15062.77239415416,23576434.667970914
23,D,0.0,0.0,0.0,0.0,-994.0,999.0
23,H,1.0096368185941174e-11,6.957989739930781e-12,2.0037305148434825e-12,4.547473508864641e-13,-886.0000000000001,908.9999999999998
23,S,1.3072258965962646e-05,1.960302256520663e-06,1.0984194886987098e-07,3.91155481338501e-08,4010.55466884264,18422729.058213983
24,D,0.0,0.0,0.0,0.0,-858.0,983.0
24,H,2.7761792864566814e-11,1.3784084984536094e-11,1.7053025658242404e-12,3.410605131648481e-13,-966.0,907.0000000000002
24,S,5.190981995850663e-05,6.526416285623782e-06,9.949985724233557e-08,2.9802322387695312e-08,1082.0035878987883,19419758.59658535
25,D,0.0,0.0,0.0,0.0,-968.0,911.0
25,H,7.786331779335853e-08,5.2163786942727164e-08,3.382183422218077e-12,5.684341886080801e-13,-967.9999999999997,896.9999999999999
25,S,9.538728515323669e-05,1.0111625201147945e-05,1.6384842638217378e-07,4.470348358154297e-08,981.3324507735599,21222295.08059304
26,D,0.0,0.0,0.0,0.0,-988.0,881.0
26,H,7.977700791639286e-11,2.9040325699725145e-11,1.460609411196856e-12,2.2737367544323206e-13,-844.0000000000001,953.0
26,S,1.443369797016203e-06,3.777655024350679e-07,1.3622775441035628e-07,3.725290298461914e-08,42260.018391817764,23868847.286898404
27,D,0.0,0.0,0.0,0.0,-970.0,935.0
27,H,5.729638985485508e-12,5.053846230396175e-12,2.227551476607914e-12,4.547473508864641e-13,-555.9999999999999,941.0
27,S,4.280802311740217e-06,6.104310159571469e-07,1.746739144437015e-07,5.21540641784668e-08,9359.162534025665,24164104.020962007
28,D,0.0,0.0,0.0,0.0,-898.0,927.0
28,H,7.1068706475330146e-12,6.925460205309264e-12,2.2595258997171186e-12,3.410605131648481e-13,-990.0000000000001,953.0000000000001
28,S,1.2860891729360446e-06,2.808701538015157e-07,1.9406434148550034e-07,4.284083843231201e-08,68020.67714316648,23695615.496868555
29,D,4.333379229e-06,4.333379229e-06,0.0,0.0,-978.0,995.0
29,H,6.4934724264276156e-12,8.032352560860545e-12,1.4708234630234074e-12,3.410605131648481e-13,-989.9999999999999,979.0
29,S,1.789990392353502e-05,2.227551931355265e-06,1.2186410458525643e-07,2.2351741790771484e-08,4713.531277136445,26452734.032006968
30,D,0.0,0.0,0.0,0.0,-916.0,965.0
30,H,2.0969892489119957e-11,1.2020856532402036e-11,2.6645352591003757e-12,4.547473508864641e-13,-918.0000000000003,973.0
30,S,3.229795368042687e-06,5.034380592405796e-07,1.845946826506406e-07,3.91155481338501e-08,22299.131211593023,22144850.370263282
31,D,0.0,0.0,0.0,0.0,-942.0,861.0
31,H,3.685030058875327e-11,1.493183354739358e-11,1.2079226507921703e-12,3.410605131648481e-13,-760.0000000000001,930.9999999999998
31,S,0.0001240863607208098,1.9663011585180357e-05,1.4015995475347154e-07,2.9802322387695312e-08,903.7835646110875,23101681.00126981
32,D,0.0,0.0,0.0,0.0,-894.0,571.0
32,H,6.894040893712372e-12,5.724754004177157e-12,2.2026824808563106e-12,5.684341886080801e-13,-978.0000000000001,919.0000000000006
32,S,1.4860780197523127e-06,3.1353283702628687e-07,1.1696101864799857e-07,3.3527612686157227e-08,46460.35042924938,24029229.263020866
33,D,0.0,0.0,0.0,0.0,-956.0,967.0
33,H,5.144856762839822e-12,5.730929619751635e-12,2.097877427331696e-12,5.684341886080801e-13,-751.9999999999994,964.9999999999998
33,S,8.1055311114131e-06,1.280502374356729e-06,1.3927638065069914e-07,2.9802322387695312e-08,9368.381014111728,26273510.030478716
34,D,0.0,0.0,0.0,0.0,-894.0,999.0
34,H,2.381840558118853e-11,7.610134744595598e-12,9.414691248821327e-13,2.2737367544323206e-13,-978.0,871.0
34,S,0.0006235036262887128,8.228883889849214e-05,1.3292003586684586e-07,3.3527612686157227e-08,254.78679874445518,24751964.50388576
35,D,0.0,0.0,0.0,0.0,-912.0,961.0
35,H,1.3957168754075155e-11,1.0309586517820435e-11,2.34123831432953e-12,4.547473508864641e-13,-836.0000000000002,919.0
35,S,3.1747443642871076e-06,5.762180990132038e-07,1.5975820133462548e-07,3.91155481338501e-08,44128.15829260803,22215004.58672181
36,D,0.0,0.0,0.0,0.0,-948.0,929.0
36,H,6.201816837858587e-12,7.734479723353616e-12,1.929123527588672e-12,4.547473508864641e-13,-902.0,790.9999999999995
36,S,4.5143453576201864e-05,5.066616040494409e-06,1.3186854630475864e-07,2.60770320892334e-08,2512.419597505848,28868058.998902015
37,D,0.0,0.0,0.0,0.0,-976.0,849.0
37,H,8.53558845175309e-09,8.568086813393744e-09,8.518071581420372e-09,8.515257832186762e-09,-996.0000000000002,891.0000000000001
37,S,3.316365698857737e-05,3.371877937752288e-06,1.0136704986507539e-07,2.7939677238464355e-08,1940.4261021590842,18445428.551637292
38,D,0.0,0.0,0.0,0.0,-850.0,863.0
38,H,1.0474742601074283e-11,7.72289177053409e-12,3.5269565046291973e-12,6.821210263296962e-13,-887.9999999999997,989.0000000000002
38,S,2.826725449267542e-06,5.494985089171678e-07,1.4669785741716623e-07,3.725290298461914e-08,17267.42779753977,23003464.625540085
39,D,0.0,0.0,0.0,0.0,-944.0,987.0
39,H,1.219380152406302e-11,8.747003121811758e-12,1.7479351299698465e-12,2.2737367544323206e-13,-715.9999999999999,902.9999999999999
39,S,2.7061988703280804e-06,4.2270221456419677e-07,1.4797114999964833e-07,3.725290298461914e-08,34255.84437621747,23221389.12874224
40,D,0.0,0.0,0.0,0.0,-810.0,957.0
40,H,2.6750410914155864e-11,9.929557176491244e-12,2.503774965134653e-12,3.410605131648481e-13,-967.9999999999998,919.0
40,S,2.6694091632251116e-05,4.42934549482743e-06,1.9987146515632048e-07,5.587935447692871e-08,2415.9359293284433,19385945.559248056
41,D,0.0,0.0,0.0,0.0,-900.0,849.0
41,H,3.790930502844958e-08,1.3583264735217426e-08,2.48334686148155e-12,3.410605131648481e-13,-933.9999999999999,984.9999999999999
41,S,6.401653799059659e-06,1.121234390666359e-06,1.3998214853927493e-07,4.0978193283081055e-08,6572.8503132309825,20862716.83495306
42,D,0.0,0.0,0.0,0.0,-980.0,775.0
42,H,8.389733352487383e-12,6.538450336712742e-12,2.4442670110147446e-12,4.547473508864641e-13,-976.0,963.0000000000001
42,S,5.588902240560856e-06,7.907460997103044e-07,2.15590262087062e-07,6.51925802230835e-08,11699.472143055518,21489619.357275005
43,D,0.0,0.0,0.0,0.0,-942.0,997.0
43,H,1.042854691490902e-11,8.354872349514153e-12,1.7266188478970435e-12,3.410605131648481e-13,-999.9999999999998,991.0000000000001
43,S,4.3616592503070706e-05,5.363782406675455e-06,2.0025208868901245e-07,2.9802322387695312e-08,3992.30198850455,24063567.473320004
44,D,0.0,0.0,0.0,0.0,-906.0,903.0
44,H,1.1851852832478471e-11,7.618794484187674e-12,2.2453150450019166e-12,3.410605131648481e-13,-834.0000000000002,843.0000000000003
44,S,3.872830347972922e-06,1.0113963071489707e-06,1.8682476365938783e-07,5.21540641784668e-08,28266.619997456295,21552423.16147124
45,D,0.0,0.0,0.0,0.0,-640.0,981.0
45,H,6.73505695658605e-12,5.214051412849585e-12,1.9753088054130785e-12,6.821210263296962e-13,-856.0000000000003,957.0000000000007
45,S,9.22299190619924e-06,1.5972142364262254e-06,2.682554622879252e-07,7.450580596923828e-08,13109.504782910692,21938212.138608173
46,D,0.0,0.0,0.0,0.0,-920.0,981.0
46,H,5.318225027028944e-12,5.420055029792259e-12,2.2239987629291136e-12,2.2737367544323206e-13,-990.0000000000001,919.0000000000002
46,S,0.0002479570086606486,2.4696579657756956e-05,1.414267671862035e-07,2.9802322387695312e-08,943.7296973680016,24163888.472798504
47,D,0.0,0.0,0.0,0.0,-882.0,893.0
47,H,6.936826113523864e-11,1.9468537892919358e-11,2.1174173525650986e-12,3.410605131648481e-13,-686.0,936.9999999999997
47,S,0.00014688277281660334,2.0419259769255405e-05,8.293633868561301e-08,2.60770320892334e-08,159.99978480494113,20822677.260450292
48,D,0.0,0.0,0.0,0.0,-950.0,879.0
48,H,6.803946295264041e-12,6.856404333177579e-12,2.113864638886298e-12,4.547473508864641e-13,-992.0000000000001,862.9999999999999
48,S,2.591140720653584e-06,4.281428118702024e-07,1.6850754036568105e-07,6.332993507385254e-08,24463.99659879046,19391949.311424483
49,D,2.4226571600000004e-07,2.4226571600000004e-07,0.0,0.0,-886.0,885.0
49,H,4.1387301863426984e-08,1.5795033933563296e-08,1.8189894035458565e-12,6.821210263296962e-13,-889.9999999999993,831.0
49,S,6.863100650900122e-05,7.766195068370507e-06,2.479123395460192e-07,6.332993507385254e-08,624.2364682033622,19948268.171509963
50,D,0.0,0.0,0.0,0.0,-938.0,985.0
50,H,1.759836720793828e-11,9.271583500947145e-12,1.7408297026122455e-12,3.410605131648481e-13,-924.0000000000001,962.9999999999998
50,S,3.2658107471661424e-06,6.834590067228419e-07,1.203334250021726e-07,2.7939677238464355e-08,21060.732566349005,23793869.058508884
51,D,0.0,0.0,0.0,0.0,-990.0,941.0
51,H,1.4953005504025896e-05,4.787230388991759e-06,3.154809746774845e-12,4.547473508864641e-13,-908.0000000000005,907.0000000000001
51,S,6.775654666135722e-05,8.962232726617003e-06,1.0530925464991014e-07,3.3527612686157227e-08,1332.5007353094427,30578279.460515745
52,D,0.0,0.0,0.0,0.0,-842.0,957.0
52,H,8.79651906871004e-12,7.294831405602054e-12,1.2789769243681803e-12,3.410605131648481e-13,-998.0,975.0
52,S,5.655109760027699e-06,1.0095566267409595e-06,1.1959673429373652e-07,4.0978193283081055e-08,10469.997253583266,21838336.651085276
53,D,0.0,0.0,0.0,0.0,-896.0,947.0
53,H,8.706702026017865e-12,5.572875494408436e-12,2.092548356813495e-12,3.410605131648481e-13,-783.9999999999998,715.0000000000001
53,S,4.065183588863874e-06,6.071859388612211e-07,2.701199264265597e-07,6.705522537231445e-08,29400.055132825164,23793092.5689912
54,D,0.0,0.0,0.0,0.0,-810.0,751.0
54,H,7.415096314744574e-12,7.292610959552803e-12,1.91491267287347e-12,3.410605131648481e-13,-996.0000000000001,723.0000000000003
54,S,5.618418157382621e-06,9.513811392025673e-07,1.7504316929262131e-07,3.91155481338501e-08,12152.855285572661,25875444.66126207
55,D,0.0,0.0,0.0,0.0,-934.0,765.0
55,H,1.4752814792018398e-07,5.833426708345968e-08,2.1600499167107046e-12,4.547473508864641e-13,-848.0,885.0000000000001
55,S,3.5138847000126816e-05,4.227281579005648e-06,1.108892320189625e-07,2.421438694000244e-08,2664.462651852761,22197224.22099042
56,D,0.0,0.0,0.0,0.0,-862.0,917.0
56,H,7.280842595491777e-12,5.6536711076637935e-12,2.4371615836571436e-12,4.547473508864641e-13,-990.0000000000001,895.0000000000001
56,S,3.3679613693493593e-06,5.653282642015256e-07,1.6206467989832163e-07,3.3527612686157227e-08,18070.436438969908,23814926.567139607
57,D,0.0,0.0,0.0,0.0,-998.0,701.0
57,H,8.643752380521619e-12,7.83306752794033e-12,1.7905676941154525e-12,3.410605131648481e-13,-953.9999999999999,969.0
57,S,0.0002563025439918931,3.1884840836937656e-05,1.4897068467689678e-07,3.3527612686157227e-08,267.6672210820088,26175515.219227534
58,D,0.0,0.0,0.0,0.0,-740.0,975.0
58,H,4.745093207247919e-12,5.1449955407179004e-12,2.2026824808563106e-12,4.547473508864641e-13,-949.9999999999999,667.0000000000001
58,S,3.507131282276532e-06,5.993075546939508e-07,1.3080716598778963e-07,2.9802322387695312e-08,27042.502226142256,23950907.70678039
59,D,0.0,0.0,0.0,0.0,-916.0,843.0
59,H,7.386979916645942e-12,6.232792060245629e-12,3.240074875066057e-12,5.684341886080801e-13,-713.9999999999999,863.0
59,S,2.019711813794345e-06,4.2211036088701803e-07,1.463595253881067e-07,4.0978193283081055e-08,32728.021753659217,21955241.351964235
60,D,0.0,0.0,0.0,0.0,-922.0,957.0
60,H,3.552230731784789e-11,1.2831347095954015e-11,1.970867913314578e-12,6.821210263296962e-13,-931.9999999999993,939.0000000000002
60,S,0.0014072790056516848,0.00014367239322715664,9.777342313554982e-08,2.60770320892334e-08,69.0773249554387,22317079.389996067
61,D,0.0,0.0,0.0,0.0,-800.0,781.0
61,H,9.409362178303127e-12,7.120970479945754e-12,2.7284841053187847e-12,3.410605131648481e-13,-985.9999999999997,930.9999999999997
61,S,0.014988443562781941,0.0021536446397161235,1.2911423885597628e-07,1.6763806343078613e-08,2.655317059232361,24020730.115741625
62,D,0.0,0.0,0.0,0.0,-908.0,971.0
62,H,6.73965171865687e-11,1.6840168148846146e-11,1.481925693269659e-12,2.2737367544323206e-13,-952.0000000000001,913.0000000000002
62,S,7.725165282579383e-05,9.952483367214882e-06,1.9549747776181903e-07,5.960464477539063e-08,1303.4267930376939,21697172.12009389
63,D,0.0,0.0,0.0,0.0,-764.0,945.0
63,H,7.474909580196254e-12,8.857803379669349e-12,2.7711166694643907e-12,4.547473508864641e-13,-966.0000000000002,952.9999999999997
63,S,2.6314859127296586e-06,4.596258804667741e-07,1.2681266525760293e-07,2.9802322387695312e-08,34012.028537281105,20012477.88958799
64,D,0.0,0.0,0.0,0.0,-906.0,861.0
64,H,2.3586673947306735e-08,9.885425811262394e-09,2.3661073100811336e-12,4.547473508864641e-13,-799.9999999999995,822.9999999999997
64,S,0.0003467616250421024,6.832807354939519e-05,1.7532269680486934e-07,4.470348358154297e-08,86.89491609028063,23086459.532012984
65,D,0.0,0.0,0.0,0.0,-738.0,947.0
65,H,4.3515413494787936e-11,1.954758577227267e-11,2.135180920959101e-12,4.547473508864641e-13,-859.9999999999998,955.0000000000001
65,S,0.5812700489794587,0.10082537454268348,8.750162487558555e-05,5.733477883040905e-05,2165.015496639824,23172413.58231619
66,D,0.0,0.0,0.0,0.0,-962.0,973.0
66,H,2.3572505059021864e-11,7.479794561504605e-12,2.348343741687131e-12,4.547473508864641e-13,-998.0000000000002,912.9999999999995
66,S,4.362691981896205e-06,7.780224677844672e-07,2.0840889192186296e-07,7.078051567077637e-08,16576.52590858153,23157104.975660928
67,D,0.0,0.0,0.0,0.0,-768.0,867.0
67,H,1.1872280936131574e-11,9.070078021977679e-12,2.4442670110147446e-12,4.547473508864641e-13,-920.0000000000005,983.0000000000001
67,S,1.1542485722770834e-06,2.6670386432670057e-07,1.7764978110790253e-07,3.3527612686157227e-08,39300.60710225896,25970780.710148916
68,D,0.0,0.0,0.0,0.0,-982.0,971.0
68,H,8.981260180007666e-12,7.068456930880984e-12,1.566746732351021e-12,2.2737367544323206e-13,-828.0000000000002,877.0000000000001
68,S,1.2769330339779117e-05,1.3378498806559946e-06,1.0679104889277369e-07,2.421438694000244e-08,5177.870676642888,22589647.91615044
69,D,0.0,0.0,0.0,0.0,-936.0,767.0
69,H,5.0877080326472424e-11,2.1838308938981754e-11,3.993250174971763e-12,4.547473508864641e-13,-957.9999999999998,885.0000000000005
69,S,0.0008090920259604673,8.095353393855476e-05,2.162994974241883e-07,4.470348358154297e-08,258.8453096030528,28395285.8847827
70,D,0.0,0.0,0.0,0.0,-990.0,799.0
70,H,9.50306500158149e-12,7.177591854201637e-12,2.2737367544323206e-12,3.410605131648481e-13,-975.9999999999999,983.0000000000001
70,S,3.276651592898361e-05,4.2612118704710156e-06,1.0002077033277601e-07,2.60770320892334e-08,3079.6583010584036,23008185.730747364
71,D,0.0,0.0,0.0,0.0,-932.0,731.0
71,H,8.569436826810772e-12,6.180223000029628e-12,1.3891110484109959e-12,2.2737367544323206e-13,-774.0000000000001,947.0
71,S,4.3022604167219924e-05,6.091518997664025e-06,1.4978377294028178e-07,5.587935447692871e-08,1905.6835953392895,23104988.73897969
72,D,0.0,0.0,0.0,0.0,-980.0,963.0
72,H,1.3820056210533949e-11,9.049205829114726e-12,2.3661073100811336e-12,4.547473508864641e-13,-924.0,938.9999999999998
72,S,3.406854259857539e-05,3.8045822634558135e-06,1.2627833712031133e-07,3.3527612686157227e-08,2290.910569057099,20584367.6706479
73,D,0.0,0.0,0.0,0.0,-994.0,971.0
73,H,9.555023439133947e-12,6.980194200423284e-12,2.2168933355715126e-12,4.547473508864641e-13,-791.9999999999999,783.0
73,S,1.3280107538093944e-06,2.5980079954024404e-07,1.6034755390137434e-07,5.960464477539063e-08,57411.37085812231,20095397.698194362
74,D,2.34457225e-07,2.34457225e-07,0.0,0.0,-976.0,861.0
74,H,9.111378318493735e-12,6.191047674519723e-12,1.7905676941154525e-12,3.410605131648481e-13,-940.0,886.9999999999999
74,S,2.250681660598275e-06,4.1222392610507086e-07,1.7377897165715694e-07,4.470348358154297e-08,34059.23629330529,24743394.81727547
75,D,0.0,0.0,0.0,0.0,-994.0,961.0
75,H,6.0031979387531464e-12,5.3512749786932545e-12,1.5170087408478139e-12,3.410605131648481e-13,-996.0,981.0
75,S,0.00010899889987525668,1.617108016915836e-05,1.3049503877482493e-07,2.3283064365386963e-08,304.13600609372844,21784927.041958284
76,D,0.0,0.0,0.0,0.0,-944.0,761.0
76,H,1.290523243824282e-11,1.035349583844436e-11,2.7711166694643907e-12,3.410605131648481e-13,-859.9999999999997,991.0000000000003
76,S,1.644204297868157e-05,2.437685274969681e-06,1.8661876310943626e-07,5.587935447692871e-08,3827.9890492110994,22163210.158229902
77,D,0.0,0.0,0.0,0.0,-826.0,969.0
77,H,6.394884621840902e-12,6.193712209778823e-12,2.575717417130363e-12,4.547473508864641e-13,-916.0000000000003,944.9999999999997
77,S,3.1193288272390873e-06,4.649450602300931e-07,1.316584530286491e-07,2.9802322387695312e-08,15317.245515299712,20977528.059205454
78,D,0.0,0.0,0.0,0.0,-704.0,783.0
78,H,2.2478219818822254e-07,1.1823976242553158e-07,2.4158453015843406e-12,3.410605131648481e-13,-990.0,885.0
78,S,0.0007234322852234798,0.0001061937162454285,9.361910713323596e-08,2.421438694000244e-08,122.35496363037588,19546231.126377054
79,D,0.0,0.0,0.0,0.0,-878.0,961.0
79,H,5.587885709701368e-11,2.3940072146899638e-11,2.5650592760939617e-12,3.410605131648481e-13,-989.9999999999997,994.9999999999999
79,S,9.691371674236393e-05,9.903952900458535e-06,7.624817044415977e-08,1.1175870895385742e-08,1185.406267787154,21100762.255240846
80,D,1.76777741e-07,1.76777741e-07,0.0,0.0,-880.0,879.0
80,H,9.374677994973893e-07,1.8063441615640777e-06,1.4489955901808571e-08,1.191017418022966e-08,-968.0,955.0
80,S,1.8916242652267101e-06,3.1360696084448136e-07,1.506632543168962e-07,5.4016709327697754e-08,46754.828465846476,21177414.281083383
81,D,0.0,0.0,0.0,0.0,-944.0,987.0
81,H,9.775150827673329e-11,2.2297275137361794e-11,3.806288617624887e-12,5.684341886080801e-13,-996.0000000000003,901.0000000000003
81,S,5.848791531093411e-05,6.60151738429704e-06,2.54722181125544e-07,7.82310962677002e-08,2533.1421557482417,23815629.62792883
82,D,0.0,0.0,0.0,0.0,-740.0,943.0
82,H,5.672234903997264e-11,1.323097187366784e-11,2.028599510595086e-12,3.410605131648481e-13,-852.0000000000002,987.0000000000003
82,S,1.1618374472277537e-05,1.8383352653472684e-06,1.6366720956284553e-07,2.9802322387695312e-08,11217.3663707105,23676774.25175034
83,D,0.0,0.0,0.0,0.0,-758.0,995.0
83,H,5.7165425171312734e-11,1.9739876400137746e-11,2.0321522242738865e-12,4.547473508864641e-13,-999.9999999999998,829.0
83,S,0.00034191448707643346,4.3139858897589534e-05,1.2017380868201144e-07,2.2351741790771484e-08,359.61080364200575,24289697.032297622
84,D,0.0,0.0,0.0,0.0,-718.0,893.0
84,H,4.317080026794429e-11,2.0156099012069717e-11,2.1884716261411086e-12,3.410605131648481e-13,-987.9999999999999,661.0000000000003
84,S,4.1414433937347894e-05,4.241782193048493e-06,1.4494344213744625e-07,2.7939677238464355e-08,2155.662148900741,22587882.039701894
85,D,0.0,0.0,0.0,0.0,-1000.0,969.0
85,H,7.473133223356854e-12,6.116218642659987e-12,1.4779288903810084e-12,3.410605131648481e-13,-851.9999999999999,863.0000000000001
85,S,3.35361073742213e-05,3.8581276271543175e-06,1.5144360077101737e-07,3.5390257835388184e-08,1701.1383051088123,23611274.40780936
86,D,0.0,0.0,0.0,0.0,-962.0,989.0
86,H,2.0712209725104458e-11,7.877032359715486e-12,2.1103119252074976e-12,4.547473508864641e-13,-943.9999999999995,979.0000000000003
86,S,0.003419540603508575,0.000467943955086092,1.4642888146454425e-07,2.9802322387695312e-08,19.731009301846008,24963514.795070503
87,D,0.0,0.0,0.0,0.0,-986.0,643.0
87,H,4.512434870207471e-10,1.8800405676699938e-10,1.8189894035458565e-12,4.547473508864641e-13,-999.9999999999999,985.0000000000001
87,S,3.7550581879486344e-05,4.075583007079331e-06,1.3183398550609127e-07,3.725290298461914e-08,4270.123942854105,23023846.228505895
88,D,0.0,0.0,0.0,0.0,-908.0,977.0
88,H,3.6775471556893535e-11,1.8549606295437115e-11,2.2453150450019166e-12,3.410605131648481e-13,-972.0000000000001,837.0000000000001
88,S,0.00015361576020378465,2.0426159707653824e-05,1.7290238929490442e-07,3.3527612686157227e-08,252.61363085500477,23005714.594220042
89,D,0.0,0.0,0.0,0.0,-960.0,813.0
89,H,1.1552054868246842e-09,3.690739380779462e-10,1.8616219676914625e-12,2.2737367544323206e-13,-971.9999999999999,928.9999999999998
89,S,3.8659004147234555e-05,5.876664260995312e-06,1.1895622265001293e-07,4.0978193283081055e-08,1289.8035542701375,20075472.59898542
90,D,0.0,0.0,0.0,0.0,-934.0,847.0
90,H,6.610267888618182e-12,5.256906021600116e-12,2.9096725029376103e-12,4.547473508864641e-13,-580.0000000000001,892.9999999999999
90,S,0.0003904586006369115,4.5801714605886445e-05,1.6266812963294797e-07,4.0978193283081055e-08,262.23368622475346,23110738.0152744
91,D,0.0,0.0,0.0,0.0,-816.0,727.0
91,H,5.808686864838819e-12,5.171529871006442e-12,2.106759211528697e-12,3.410605131648481e-13,-950.0,867.0000000000001
91,S,5.113997046990448e-05,6.888286478101691e-06,1.7558522813487798e-07,5.960464477539063e-08,1089.811362085241,23439082.137748484
92,D,0.0,0.0,0.0,0.0,-994.0,949.0
92,H,1.7060769463839165e-11,1.102606894676228e-11,1.3962164757685969e-12,2.2737367544323206e-13,-863.9999999999999,931.0000000000001
92,S,0.00016451134912220944,1.7672890862741042e-05,1.4445862461798242e-07,2.2351741790771484e-08,477.98812846381094,22506628.315077998
93,D,0.0,0.0,0.0,0.0,-860.0,803.0
93,H,3.990585639712663e-12,3.849809360190193e-12,1.5205614545266144e-12,2.2737367544323206e-13,-599.9999999999999,851.0000000000001
93,S,8.620294951811047e-05,1.0897269021370448e-05,1.7042520994436927e-07,5.21540641784668e-08,1038.4415974083163,20729868.183634702
94,D,0.0,0.0,0.0,0.0,-920.0,931.0
94,H,7.672196211672144e-12,6.0276228452949e-12,2.1671553440683056e-12,6.821210263296962e-13,-976.0,806.9999999999993
94,S,0.01590419974615352,0.0017944018650652982,1.6071876629553117e-07,8.940696716308594e-08,5.195592188811254,24849923.801513378
95,D,0.0,0.0,0.0,0.0,-936.0,953.0
95,H,5.4905769784896474e-08,1.7769024859143334e-08,2.1458390619955026e-12,3.410605131648481e-13,-866.0000000000003,871.0000000000001
95,S,0.00013205080840350547,1.6544607980506498e-05,1.221890215674648e-07,3.166496753692627e-08,435.93782850983814,24887179.183130536
96,D,0.0,0.0,0.0,0.0,-754.0,991.0
96,H,8.887113267519453e-12,7.156497616733759e-12,2.2595258997171186e-12,3.410605131648481e-13,-957.9999999999999,993.0
96,S,4.073939010140748e-06,8.168492513505043e-07,1.4870238373987377e-07,7.82310962677002e-08,12093.157495131418,19609578.014347706
97,D,0.0,0.0,0.0,0.0,-948.0,987.0
97,H,2.0048229742997137e-10,6.48135156655627e-11,2.2595258997171186e-12,4.547473508864641e-13,-930.0000000000001,867.0000000000002
97,S,1.6205356700993434e-06,4.898574843537062e-07,1.593143679201603e-07,5.960464477539063e-08,65803.51708798282,26852741.83948794
98,D,0.0,0.0,0.0,0.0,-972.0,831.0
98,H,1.0296260545550329e-10,2.185801539766885e-11,2.658762099372325e-12,5.684341886080801e-13,-972.0000000000006,993.0000000000002
98,S,6.1837761080596465e-06,8.462042870860387e-07,1.3909084373153746e-07,2.9802322387695312e-08,11719.684994720568,18878770.80252646
99,D,0.0,0.0,0.0,0.0,-948.0,989.0
99,H,8.061107337198337e-12,5.541456182811544e-12,1.9326762412674725e-12,4.547473508864641e-13,-971.9999999999999,859.0
99,S,3.7715583438568956e-05,4.380686675631296e-06,2.0298239178373478e-07,4.0978193283081055e-08,2429.5293431526134,21646882.020560246
